ㄱㅐ,1
ㄲㅏ,1
ㄲㅑ,1
ㄲㅣ,1
ㅅㅂㄹㅁ,1
ㅅㅐ,1
ㅆㅂㄹㅁ,1
ㅆㅍ,1
ㅆㅣ,1
ㅆ앙,1
ㅍㅏ,1
凸,1
갈보,1
갈보년,1
강아지,1
같은년 ,1
같은뇬,1
색스,1
개같은,1
개구라,1
개년,1
개놈,1
개뇬,1
개대중,1
개독,1
개돼중,1
개랄,1
개보지,1
개뻥,1
개뿔,1
개새,1
개새기,1
개새끼,1
개새키,1
개색기,1
개색끼,1
개색키,1
개색히,1
개섀끼,1
개세,1
개세끼,1
개세이,1
개소리,1
개쑈,1
개쇳기,1
개수작,1
개쉐,1
개쉐리,1
개쉐이,1
개쉑,1
개쉽,1
개스끼,1
개시키,1
개십새기,1
개십새끼,1
개�q,1
개씹,1
개아들,1
개자슥,1
개자지,1
개접,1
개좆,1
개좌식,1
개허접,1
걔새,1
걔수작,1
걔시끼,1
걔시키,1
걔�y,1
걸레,1
게색기,1
게색끼,1
광뇬,1
구녕,1
구라,1
구멍,1
그년,1
그새끼,1
냄비,1
놈현,1
뇬,1
눈깔,1
뉘미럴,1
니귀미,1
니기미,1
니미,1
니미랄,1
니미럴,1
니미씹,1
니아배,1
니아베,1
니아비,1
니어매,1
니어메,1
니어미,1
닝기리,1
닝기미,1
대가리,1
뎡신,1
도라이,1
돈놈,1
돌아이,1
돌은놈,1
되질래,1
뒈져,1
뒈져라,1
뒈진,1
뒈진다,1
뒈질,1
뒤질래,1
등신,1
디져라,1
디진다,1
디질래,1
딩시,1
따식,1
때놈,1
또라이,1
똘아이,1
똘아이,1
뙈놈,1
뙤놈,1
뙨넘,1
뙨놈,1
뚜쟁,1
띠바,1
띠발,1
띠불,1
띠팔,1
메친넘,1
메친놈,1
미췬,1
미췬,1
미친,1
미친넘,1
미친년,1
미친놈,1
미친새끼,1
미친스까이,1
미틴,1
미틴넘,1
미틴년,1
미틴놈,1
바랄년,1
병자,1
뱅마,1
뱅신,1
벼엉신,1
병쉰,1
병신,1
부랄,1
부럴,1
불알,1
불할,1
붕가,1
붙어먹,1
뷰웅,1
븅,1
븅신,1
빌어먹,1
빙시,1
빙신,1
빠가,1
빠구리,1
빠굴,1
빠큐,1
뻐큐,1
뻑큐,1
뽁큐,1
상넘이,1
상놈을,1
상놈의,1
상놈이,1
새갸,1
새꺄,1
새끼,1
새새끼,1
새키,1
색끼,1
생쑈,1
세갸,1
세꺄,1
세끼,1
섹스,1
쇼하네,1
쉐,1
쉐기,1
쉐끼,1
쉐리,1
쉐에기,1
쉐키,1
쉑,1
쉬발,1
쉬밸,1
쉬벌,1
쉬뻘,1
쉬펄,1
쉽알,1
스패킹,1
스팽,1
시궁창,1
시끼,1
시댕,1
시뎅,1
시랄,1
시발,1
시벌,1
시부랄,1
시부럴,1
시부리,1
시불,1
시브랄,1
시팍,1
시팔,1
시펄,1
신발끈,1
심발끈,1
심탱,1
십8,1
십라,1
십새,1
십새끼,1
십세,1
십쉐,1
십쉐이,1
십스키,1
십쌔,1
십창,1
십탱,1
싶알,1
싸가지,1
싹아지,1
쌉년,1
쌍넘,1
쌍년,1
쌍놈,1
쌍뇬,1
쌔끼,1
쌕,1
쌩쑈,1
썅,1
썅년,1
썅놈,1
써벌,1
썩을년,1
썩을놈,1
쎄꺄,1
쎄엑,1
쒸벌,1
쒸뻘,1
쒸팔,1
쒸펄,1
쓰바,1
쓰박,1
쓰발,1
쓰벌,1
쓰팔,1
씁새,1
씁얼,1
씌파,1
씨8,1
씨끼,1
씨댕,1
씨뎅,1
씨바,1
씨바랄,1
씨박,1
씨발,1
씨방,1
씨방새,1
씨방세,1
씨밸,1
씨뱅,1
씨벌,1
씨벨,1
씨봉,1
씨봉알,1
씨부랄,1
씨부럴,1
씨부렁,1
씨부리,1
씨불,1
씨붕,1
씨브랄,1
씨빠,1
씨빨,1
씨뽀랄,1
씨앙,1
씨파,1
씨팍,1
씨팔,1
씨펄,1
씸년,1
씸뇬,1
씸새끼,1
씹같,1
씹년,1
씹뇬,1
씹보지,1
씹새,1
씹새기,1
씹새끼,1
씹새리,1
씹세,1
씹쉐,1
씹스키,1
씹쌔,1
씹이,1
씹자지,1
씹질,1
씹창,1
씹탱,1
씹�c,1
씹팔,1
씹할,1
씹헐,1
아가리,1
아갈,1
아갈이,1
아갈통,1
아구창,1
아구통,1
아굴,1
얌마,1
양넘,1
양년,1
양놈,1
엄창,1
엠병,1
여물통,1
염병,1
엿같,1
옘병,1
옘빙,1
오입,1
왜년,1
왜놈,1
욤병,1
육갑,1
은년,1
을년,1
이년,1
이새끼,1
이새키,1
이스끼,1
이스키,1
임마,1
자슥,1
잡것,1
잡넘,1
잡년,1
잡놈,1
저년,1
저새끼,1
접년,1
젖밥,1
조까,1
조까치,1
조낸,1
조또,1
조랭,1
조빠,1
조쟁이,1
조지냐,1
조진다,1
조찐,1
조질래,1
존나,1
존나게,1
존니,1
존만,1
존만한,1
좀물,1
좁년,1
좆,1
좁밥,1
좃까,1
좃또,1
좃만,1
좃밥,1
좃이,1
좃찐,1
좆같,1
좆까,1
좆나,1
좆또,1
좆만,1
좆밥,1
좆이,1
좆찐,1
좇같,1
좇이,1
좌식,1
주글,1
주글래,1
주데이,1
주뎅,1
주뎅이,1
주둥아리,1
주둥이,1
주접,1
주접떨,1
죽고잡,1
죽을래,1
죽통,1
쥐랄,1
쥐롤,1
쥬디,1
지랄,1
지럴,1
지롤,1
지미랄,1
짜식,1
짜아식,1
쪼다,1
쫍빱,1
찌랄,1
창녀,1
캐년,1
캐놈,1
캐스끼,1
캐스키,1
캐시키,1
탱구,1
팔럼,1
퍽큐,1
호로,1
호로놈,1
호로새끼,1
호로색,1
호로쉑,1
호로스까이,1
호로스키,1
후라들,1
후래자식,1
후레,1
후뢰,1
씨ㅋ발,1
ㅆ1발,1
씌발,1
띠발,1
띄발,1
뛰발,1
띠ㅋ발,1
뉘뮈,1
니 얼굴 실화냐,1
개시발 좆같은 새끼야,1
관종 레알 밥도둑,1
패드립,1
지랄하네,1
지랄하지마 개새끼야,1
씹새끼 좆같네 좆같아,1
간나새끼, 개간나, 쌍간나, 종간나, 좆간나. 대표적인 북한의 욕.,1
갈보 걸레, 창녀와 비슷한 뜻.,1
개, 개(두 '개'의 링크가 다르다, 후자는 1.1, 즉 부정적 의미) '개'라는 동물 자체를 일컫는 말이라고 하기에는 '비하' 또는 '격하'의 의미가 강하다. 네이버 국어사전에 따르면 동물 '개'가 아닌 다른 의미로 '개'는 '행실이 형편없는 사람을 비속하게 이르는 말'이라는 풀이가 있는데, 이 경우가 욕설로서의 '개'의 어원이 된다고 할 수 있다. '너는 개다'라는 식으로 '개' 그 자체로 욕설이 되기도 하지만, '개-'와 같이 접두사로 사용되면서 비하 또는 격하의 의미(개년, 개새끼, 개판, 개씨발, 개꼴통, 개똥차, 개쌍판, 개꿈, 개수작, 개망나니 등)가 되기도 하고, 2000년대 들어서는 청소년과 온라인을 중심으로 '강조'의 의미(개맛있다, 개재미있다(개꿀잼)/없다, 개덥다, 개무겁다, 개비싸다, 개 존나 잘생겼다(개존잘) 등) 를 띠기도 하는 추세이다. 후자의 경우 어감은 좀 그렇지만 '욕설' 또는 '비하'의 의미는 없는 것으로 이해하는 편이다. 하지만, 기본적으로 '개-'를 접두어로 사용하는 경우 욕이 아닌 것도 웬만하면 욕인 듯한 느낌으로 만들 수 있고, 특히 듣는 사람들 입장에서는 욕설처럼 들릴 수 있으니 사용에 유의하자.,1
개간년 개같은 여자의 약자,1
개나리,1
개년,1
개돼지 해당 항목 참조.,1
개새끼(견공자제분), 개새 한국의 모든 욕 중에 제일 대표를 꼽으라면 바로 이 '개새끼'와 '씨발'을 꼽을 수 있을 정도로 대표적인 욕이다. 개좆같은 새끼라고도 한다. 조선왕조실록에서도 나오는 유서 깊은(?) 욕설이다. 단순히 짐승 같다는 뜻으로 생각하기 쉽지만 사실 패드립이 숨어 있다.,1
개쓰레기,1
개소리,1
개씨발(개씹할),1
개씹, 개좆,1
개지랄,1
개족새 개 좆같은 새끼의 줄임말,1
개차반 개가 먹는 음식인 똥이라는 뜻으로 언행이 몹시 더러운 사람을 속되게 이르는 말. 다만 요즘은 욕설보다는 어감 때문에 쓰이는 편. '씨발' 도 그렇다지만 한국인들한테 씨발이 무슨 뜻이냐고 물으면 다들 대답하는데 이 개차반이란 말은 무슨 뜻이냐고 물으면 대답할 수 있는 사람이 거의 없을 것이다.,1
거렁뱅이 거지,1
걸레,1
경을 칠 놈 20세기 후반까지만 해도 종종 들을 수 있었으나 현대에는 잘 사용되지 않는 욕이다. 하지만 문신을 형벌 수단으로 사용했던 역사가 있어서 유서깊은 욕 중 하나이다.,1
고자(현재는 욕으로써 가진 뜻이 약해진 것 같다.) 이 사람이 친숙한 이미지로 바꿨기 때문이다,1
과메기 경상도 비하 발언,1
광녀, 광년이,1
괴뢰, 괴뢰군 북한에서 대한민국 국군을, 또는 역으로 남한에서 조선인민군을 비하하는 멸칭. 각각 미군과 소련군(또는 중공군) 명령에나 복종하는 비겁한 괴뢰 군대라는 뜻이다.,1
그지깽깽이 거지의 전라도 속어에 절름발이의 비칭인 깽깽이가 붙었다. 사실상 사투리인데 같은 뜻의 단어라도 독특한(유난히 기분 나쁜) 어감으로 인해 욕설이 되는 경우가 많다. 인터넷에서 쓰이는 용법은 충격과 공포다 그지 깽깽이들아라는 짤방으로 인해 유명해졌다. 비슷한 뜻으로 거랭이, 걸뱅이, 경기도 사투리의 거렁뱅이가 있다.,1
급식충 급식을 먹는 초중고딩을 비하하는 욕설.,1
김치녀 상식 이하의 행동을 하거나 속물주의자, 남성을 재화로 여기는 한국 여성들을 비난하는 말로 쓰인다. 같은 뜻으로는 보슬아치가 있다. 원래는 한국 여성들을 지칭하는 농담조의 낱말이었으나 2012년 말 ~ 2013년부터는 아예 한국 여자 다수를 비하하는 용어로 바뀌어 다른 사이트에서도 갑작스레 엄청 쓰이기 시작했다. 자세한 것은 항목참조,1
꺼벙이 본래는 꺼병이. 꺼병이는 꿩의 새끼를 뜻하는 말이며 꿩의 새끼는 거칠고 추하게 생겼다. 그래서 행동이 어설픈 사람을 얕잡아 꺼병이라고 부르다 꺼벙이로 발음이 변하였다.,1
꺼저, 꺼져,1
꼬걸,1
꼬붕 일본말인 子分으로 쓰고 kobun으로 발음하기 때문에 '꼬봉'은 틀리고, '꼬붕'이 맞는 말이다. 반대말은 오야붕이다. '부하'라는 뜻이다.,1
꼰대,1
꼴통 원래 뜻은 머리가 나쁜 사람을 속되게 이르는 말로 그 뜻과 더불어 머리를 속되게 이르는 말인 '골통' 에서 파생된 욕이다. 억양이 강조된 느낌이라 골통보다 많이 쓰인다.,1
너 같은 새끼는 뻑큐가 최고야,1
년 + 놈 = 연놈,1
냄비 문란한 여자를 비난하는 말로 걸레, 갈보, 창녀의 욕설적 의미와 같다. 파생어로 성매매 업소에서의 성행위를 뜻하는 '냄비를 닦다'란 은어가 있다.,1
틀딱충,1
논다니,1
느개비 '니 애비'와 비슷한 뜻의 패드립. 예) 느개비 후장 팔이, 느개비 습관적으로 꼬추 먹었는데 알고보니 즈가들(즈그아들) 꼬추,1
느금마 니기미(니미)와 비슷한 뜻의 패드립. 예) 느금마 붕어빵 장사,1
니미럴 '니 에미랑 붙어먹을'이란 뜻이라는 설이 있다. 정확한 어원은 불명. 보통 축약해서 니미할, 니미럴 등으로 사용한다. 자신의 어미와도 붙어먹을 정도로 막장스럽고 인간이길 포기한 놈이라는 심한 욕이다.,1
니기미 네미(어떤 일에 대하여 몹시 못마땅할 때 욕으로 하는말)의 잘못. 니미와는 다르다,1
니상년,1
노답 어떤 상황에 어떤 사람이 하는 행동이나, 다른 것들이 말이 안될 때 사용한다. No (아니다) 답 (Answer).,1
나가뒤져 말그대로 나가 뒤져라 라는뜻 사용방법은 욕이 다 그렇듯 아무데나 가져다 붙이면된다. 지금은 쉽게 들을 수 있는 욕이고 별로 치욕스러운 표현이라고 생각하지도 않지만 과거에는 꽤 큰 욕이었다. 강시항목에서도 볼 수 있지만, 전통적인 관념으로는 자기 집에서 죽지 않은 죽음을 객사라고 하는데, 타지에서 죽는 것은 아주 비참한 죽음으로 여겨졌다.,1
니미뽕 니미(니애미)라는 패드립에 뽕이라는 어감을 추가한 것,1
닥쳐 어원은 닭 + 쳐 이다. 입을 다물라는 욕. 입이나 아가리를 앞에 붙여(=아닥) 쓰기도 한다. 그래도 가리진 않는다. 요즘은 수위가 굉장히 낮아졌다.,1
닭대가리(돌대가리나 새대가리라고도 한다.),1
돼지, 돼지새끼,1
되놈,1
뒈지다 "죽다"를 속되게 이르는 말로, 대체로 "뒈져라(박여사)", "나가 뒈져라", "XX가 뒈질라고", "뒈질래?" 등으로 사용된다. 방언으로는 "뒤지다", "뒤질래?" "댐질래?" "디질래" "디져라" 등으로도 사용되고 있다.,1
등신 한자로는 等神으로 원래는 한국 무속신앙에서 제례용으로 쓰던 일종의 우상을 일컫는 말이었다. 그것이 "(우상처럼) 아무것도 못하는 놈" 의 뜻을 거쳐 현재의 의미로 변화되었다.,1
따까리 누군가에게 신하처럼 여겨지는 것을 나타낸다. 쉽게말해서 종.,1
딸딸이 부대(혹은 딸딸이대) 일본 자위대를 스스로 지킨다는 뜻의 자위(自衛)가 아닌 일본 성문화와 겹쳐 자위(自慰)의 뜻으로 비꼬아 부르는 표현. 파생어로 영어로 바꾼 ‘마스터베이션 아미(Masturbation Army)’라고도 부르기도 한다.,1
땡중, 땡추 파계승을 우스꽝스럽게 비꼰 말. 스님들끼린 겸손한 의미로 자신을 낮추어 쓰거나 장난삼아 하지만, 일반인이나 신도는 스님 앞에서 이 말을 꺼내면 절대 안된다.,1
떨거지 겨레붙이나 한통속으로 지내는 사람을 낮잡아 이르는 말. "떨거지 같다"는 식으로 귀찮은 사람을 가리킬때 쓰기도 한다. '거지 중에서도 떨어지는 거지'로 아는 사람들도 있는데 전혀 아니며 떼거지, 떼거리와도 다른 말이다.,1
또라이(돌아이),1
똘마니 주로 범죄 집단에서 부하나 하수인을 속되게 이르는 말. 본래는 좋은 뜻이었다고 한다. 똘똘한 사람을 가리키는 인명 조성어 '돌'(똘)과 심마니의 마니처럼 사람을 뜻하는 '만이'가 합쳐졌다는 풀이와, 신라의 선덕여왕과 당나라군을 몰아낸 화랑 죽지랑, 충절을 지킨 박제상이 모두 ‘돌맏’으로 불렸다고 해서 ‘똘똘한 사람’을 가리키는 인명 조성어 ‘돌’과 ‘으뜸’, ‘첫째’를 뜻하는 ‘맏’이 합쳐진 ‘돌맏’을 어원으로 보고 ‘'으뜸으로 똑똑한 사람'이라고 보는 견해도 있다. ‘돌’의 뜻은 퇴색됐다고는 하지만, 꾀돌이, 날쌘돌이, 똘이장군 등에서는 ‘재주가 뛰어난 사람’, ‘전문가’라는 좋은 의미가 남아있다.,1
똘추 또라이 + 추한놈을 줄인 말로 풀이하기도 한다. 그런데 어느새부터인가 스모선수의 뒤를 닦아주는 직업을 뜻하는 말 어원이 불분명해서 정확히 어떤 말이 어원이라고 할 순 없지만, 맹하거나 멍청한 사람을 비하하는 말인 맹추, 멍추, 혹은 척추층만증 장애인과 환자를 속되게 이르는 말인 꼽추와 연관이 있어보인다. 어떤 지방에서는 '똘마니 꼬추' 의 준말로 쓰인다고 한다. 그래서 그 지방에서는 여성용으로 "똘지" 라는 욕설도 있었다고.,1
똥,1
똥개,1
띨빵 '둔하다', '칠칠맞은', '생각이 없다'는 뜻을 가진 경상권(통영) 사투리이지만, '멍청하다'랑 일맥상통하여 멍청한 사람에게 욕설로써 사용하는 경우가 많다.,1
두음법칙 때문에 ㄹ로 시작하는 고유어 및 한자어가 거의 없는 연유로 ㄹ로 시작하는 욕도 드물다.,1
레기 욕하는 대상의 끝에 붙여 접미사로 사용된다. 'O레기'와 같은 형태로 쓰인다.어원은 쓰레기로 추정.,1
루저 기본적으로 영어권에서의 욕설이나, 한국에서는 이도경 사건으로 외래어로도 정착되었다. 신장이 작은 남성을 비하하는 발언으로 사용된다.,1
렉카충 렉카 기사를 낮잡아 말하는 발언,1
ㅁㅈㅎ 일베에서 반대를 뜻하는 말.,1
망나니 상종하면 안되는 인간.((죄인들 참수하는 천한 놈, 막돼먹은 놈에서 의견 합치)),1
맘충,1
매국노,1
머저리 바보나 멍청이와 비슷한 말. 이청준의 소설 '병신과 머저리'에 제목으로 쓰였다.,1
먹사 교회를 치부의 수단으로 생각하는 목사들의 행태에서 비롯된 말.,1
멍청도 충청도 비하발언,1
멍청이,1
메갈, 메갈리아 법정에서 워마드, 보슬아치와 같이 모욕죄가 인정되었다.,1
모자라다 바보의 은유. 요즘은 이게 더 심한 표현으로 받아들여진다.시라소니, 모자란 새끼다.,1
무뇌 파생된 말로 무뇌충, 무뇌아, 무뇌봉 등이 있다.,1
미제 미국 제국주의자 놈들 이라는 뜻으로 북한이 미국을 욕할 때에 쓰이는 욕이다.,1
미치광이,1
미친개,1
미친년,1
미친놈 미친년의 경우 주로 여자에게 쓰이나, 남자들끼리 욕할 때도 가끔 쓰인다.,1
미친새끼,1
미친,1
바보,1
바보멍청이해삼멍게말미잘,1
버러지 곤충을 비롯하여 기생충과 같은 하등 동물을 통틀어 이르는 말이나 어감상 욕으로 쓰인다.,1
변태, 변태새끼,1
병신 (病身),1
병신따까리(새끼) 병신의 부하.,1
벌레, 벌레새끼 대표적으로 롤에서 쓰이는 말이기도 하다,1
보슬(아치) 보지와 벼슬(아치)의 합성어로, 남자를 봉으로 알고 금품이나 현금을 요구하며 기준 이하의 남자를 쓰레기로 보는 여자 혹은 그러한 행태를 비난하는 용도로 쓰인다. 법정에서 메갈리아, 워마드와 같이 모욕죄가 성립되었다.,1
보전깨,1
보지,1
보지년 여자를 속되게 이르는 말.,1
보추 보지 + 고추 인터넷에서 넷카마질하거나 여장남자를 비꼬는 말.,1
불알, 부랄,1
불한당 不汗黨. 땀을 흘리지 않는, 즉 무위도식하는 자라는 뜻.,1
븅딱 병신 딱지를 강하게 발음한 븅신 딱지의 준말이다.,1
비듬,1
빌어먹을 이 형태로 쓰이면 문자 그대로 '거지처럼 동냥해서 하루하루를 버티는 자' 란 뜻으로 쓰지만 여위고 병약하다는 뜻의 '비루먹을' 을 어원으로 보기도 한다.,1
빠가 일본어로 ‘멍청이’를 뜻하는 바카야로(馬鹿野郎)에서 온 말.,1
빠돼쌍,1
빨갱이 공산주의자 및 북한인을 일컫는 멸칭인데 최근에 한국에선 좌파적 정치 사상을 가진 사람을 비난하는 용도로 확장되었다.,1
빨통 유방을 일컽는 속어,1
뻐큐 Fuck You의 한국식 발음.,1
삐꾸 병신과 비슷한 뜻이다. 90년대 널리 사용되었으나 요즘은 거의 사용되지 않는다.,1
빡대가리 머리가 텅텅 비었다는 말로 흔히 경상도에서 많이 사용한다.,1
대부분 'ㅅ'과 'ㅆ'을 서로 호환하여 사용할 수 있다.,1
상폐녀,1
새끼,1
십장생,1
싸가지 없다 '싸가지' 가 싹을 비하해서 말한 것이라 원래는 '가망이 없다' 는 뜻이었는데 시간이 지나며 '예의가 없다' 는 뜻으로 바뀐 예. "이게 싸가지 없이 어른한테 대들어" 란 예문을 생각하면 적절할까. 농경사회에서는 예의가 없는 사람은 올바른 사회 구성원이 될 가망이 없는 것이나 마찬가지니까. 개념없다는 말과 원래 뜻과 욕설로서의 뜻 모두 비슷하다. 더 강조하여 "싹바가지 없다"라고도 한다.,1
싸이코(사이코) 국제가수인 이 분의 예명도 이 낱말에서 기원한다.,1
쌍욕 수위 높은 욕설의 범주를 나타내는 말이기도 하면서 그 자체로 욕설로 쓰이기도 한다.,1
쌍놈(상놈, 썅놈), 쌍년(상년, 썅년),1
씹지랄,1
썩을놈/년,1
썅,1
쓰레기,1
씨발(씨팔, 시발)(썖) 성행위를 뜻하는 '씹할'에서 기원한 욕설. 씨발놈, 씨발년(씨발련), 씨발새끼 등과 같이 쓰인다. 식빵 신발,1
씨방새, 씨방놈, 씨방년, 씨방짭새 위의 '씨발'에서 파생된 것으로 보임.,1
씨부랄(시부랄, 시브랄, 씨브랄),1
씹 여성의 성기를 일컫는 말로, 단어 자체로 쓰이기 보다는, 주로 '씹-' 형태로 접두어로 자주 쓰인다. '개-', '좆-'과 같이 욕설에서 많이 쓰이는 접두어이다.,1
씹새끼, 씹새,1
씹창,1
씹년- 여성에게 쓰는 매우 강한 욕설,1
씹치남, 씹치녀,1
쑤비,1
이게 아부지도 없는 게 까불어,1
아다 어원은 일본어로 새롭다는 뜻의 '아다라시(新しい, あたらしい)', 동정을 비칭할 때 사용한다. 처음으로 성행위를 하는 걸 "아다를 뗀다"라고 표현하기도 한다.,1
아가리 사람의 입을 물고기의 아가리로 빗대어 말함.,1
애자 장애인을 비하 할 때 쓰이는 것이다.,1
애비충,1
애미/애비 뒤진 년,1
양놈 서양사람들을 비칭할 때 쓰며 특히 미국인들 비칭할 때 사용한다. 영어의 양키(Yankee)에 대응.,1
양반 본래 조선 시대의 상류 계층 신분을 지칭하는 말이었으나 신분제도가 붕괴된 현재는 자기보다 조금 윗사람인 사람을 비꼬는 형태로 쓰인다.,1
양아치,1
언년이,1
얼간이,1
에라이 씨발,1
엠창(니미씨발), 엄창,1
엠창인생 정말 가난한 인생, 각종 비행행위 또는 범죄등을 저지르며 다니는 인생, 하는것없이 시간만 보내며 사는 인생. 요즘에는 게임 내에서 인생을 갈아마신 고인물들끼리 스스로 자조하는 의미로도 쓰인다.,1
옌장 '젠장'과 같은 의미. 옌장칠, 옌장맞을 등으로 쓰인다.,1
열폭 열등감 폭발,1
염병, 옘병,1
엿먹다,1
오랑캐,1
오유충,1
왜놈,1
우라질 원래는 ‘오라질’이 원어. 조선시대에 죄인을 포박하던 밧줄인 ‘오라’를 질 놈의 줄인 말로, 오늘날로 치면 ‘수갑 찰 놈’, ‘감방 갈 놈’ 정도의 욕이다.,1
욱일기,1
운지 노무현 전 대통령이 부엉이바위에서 투신한 것을 비하하는 말.,1
워마드 법정에서 메갈리아, 보슬아치와 같이 모욕죄로 인정되었다.,1
육갑떨다, 육갑하다,1
육변기,1
육시럴,1
응 니애미(애비/애벌레),1
이런 시베리아벌판에서수박씨발라먹은시베리안허스키가먹다뱉은조카18색크레파스같으니라고.,1
이완용 배신자,내지는 나라를 팔아먹을놈 이라는 의미.,1
인간쓰레기, 인간말종 주로 상대방이 저지른 행동에 대한 모욕감, 혐오감, 경멸 등을 담아 상대방이 인간 이하의 수준임을 비난하는 욕설.,1
인조새 인생 조진 새끼의 준말.,1
일베충 일베를 하는 벌레를 의미.,1
자기소개 ,1
자지 '보지' 와 마찬가지로 단어 자체가 욕설로 쓰이는 예는 거의 없다.,1
잡놈 조선시대부터 찾아볼 수 있는 유서깊은 욕설이다. 여기서 잡- 이란 행실이 잡(雜)하다고 하여 쓰는 말로, 문란한 남자, 여자를 욕할때 쓰인다. 여자에게는 '잡년'이 된다. 혹은 신분이 천하다 하여 잡- 을 쓰기도 한다.,1
잡종 그다지 잘 쓰이는 편은 아니지만 만약 주로 쓴다면 호로와 새끼를 포함한 욕을 섞어서 쓸수도 있고 저 3개를 다 섞어서 쓸수도 있다. 해리 포터의 'mudblood'가 이 단어로 번역되어 유명해졌다.,1
장애인(장애) 하는 행동이 답답할 정도로 어수룩한 사람을 비하하는 용도로 쓰인다. 다만, 실제 장애인에 대한 명칭이기도 하므로 함부로 쓰면 안 되는 표현. 더군다나 가족 중 장애인이 있거나, 그렇지 않더라도 기분이 나쁠 수 있으니 절대로 쓰지 말자.,1
재수없다 욕을 먹는 대상과 연루되면 성공할 일도 실패한다는 뜻으로 쓰는 욕.,1
저능아,1
정박아 정신박약아의 준말.,1
정신병자,1
젖 사람의 유방을 비속하게 이르는 말. 물론 포유동물에게는 일반적으로 쓰인다.,1
제기랄 원래는 '제 아기랑 검열삭제할' 이라는 뜻이라는 설이 인터넷에 돌았는데 사실은 아니라고 한다. 줄여서 제길 이라 표현하기도 한다.,1
젠장,1
졸라,1
종간나새끼 함경도 지방의 욕설로 종년의 자식이라는 뜻이다. 북한에서 많이 쓰인다.,1
좆간나새끼 주로 "족깐나새끼"로 발음된다. 북한에서나 쓰인다.,1
좆, 좆- '씨발'과 함께 대표적인 욕설이다. 남성의 성기를 일컫는 말로, 주로 '좆-' 형태의 접두어로 많이 쓰이며, 대부분 작거나, 더럽거나 형편 없다는 등의 부정적인 의미를 나타낸다. '개-', '씹-'과 마찬가지로 많이 쓰이는 접두어이다.,1
좆같다 국어사전의 표제어이다.,1
좆까,1
좆나, 존나 - 좆나오게에서 유래된 욕설이다. 비슷한 욕설로는 겁나가 있다.,1
좆도 아닌 (새끼),1
좆망,1
좆물 정액의 비속어. 단어 자체에는 비하하는 의미는 별로 없어서 단독으로 쓸 경우에는 보통 욕설로 취급되지는 않지만, 의미가 저속한 단어라서 다른 단어와 연결해서 사용하면 나쁜 의미가 될 수 있으니 사용에 주의하는 것이 좋다.,1
좆밥,1
좆만이(좆만한 새끼), 존만이, 좆만한게,1
좆대가리 = 귀두,1
좆심 남성의 성교 능력이나 힘을 매우 비속하게 이르는 말.,1
좆집 = 여성을 가리키는 대단히 모욕적인 말. 의미의 유래는 더 이상의 자세한 설명은 생략한다.,1
좆병신,1
쥐새끼,1
즐,1
지기미 비듬이나 찌꺼기를 뜻하는 사투리이나 즈그 에미의 준말이기도 하다. 니기미와 일맥상통하는 욕. 바리에이션으로 '지미' 가 있다.,1
지랄 본디 뇌전증(간질), 즉 급성발작을 하는 병을 지랄병이라고 불렀다. 흔히 '발광'을 더해 지랄발광한다 라고 자주 사용한다. 개새끼, 씨발 등과 함께 대표적인 욕 중 하나이다. (대체로 접두어 '개-'를 붙일 수 있다) 지랄한다, 지랄떤다, 지랄하고 앉았다, 지랄도 풍년이다, 지랄 옆차기 한다, 지랄하고 자빠졌네등. 해당 질병 환자들 중 의미를 알고 있는 사람이 있다면 사용을 절대 지양해야 한다.,1
짭새,1
짱깨, 장궤,1
쩌리 허접과 동의어.,1
쪼다,1
쪽발이 또는 쪽바리,1
쫄보 별것도 아닌것에 쫄아버리는 사람들을 욕되게 말하는 말,1
찌랭이,1
찐,1
찐따,1
찐찌버거 찐따, 찌질이, 버러지, 거렁뱅이의 준말. 비슷한 예로 변호사 (변태, 호모, 사이코)가 있다.,1
창녀, 창놈,1
천치,1
촛불좀비 촛불시위자들을 폄하 및 비하하여 이르는 말. 일부 극우 쪽 사람들이 즐겨쓰는 단어이다. (좌파좀비) 여기서 파생된 언어로 역으로 극우적인 인사들을 비하하는 의미의 ‘우좀(우파좀비)’란 단어도 있다. 사실 이 우좀이란 단어는 같은 우익쪽에서 더 잘쓰이는편이다. 그만큼 같은 우익 입장에서 보기에도 이건 좀 아니다 싶을만큼 좋게 안보는것.,1
최순실 법정에서도 모욕죄가 인정되었다.,1
추남, 추녀,1
친일파,1
코흘리개 찌질이의 원형.,1
통구이 대구 지하철 참사 피해자 비하발언,1
트롤 영어권 게임 커뮤니티에서 유래된 것으로, 게이머들 사이에서 아군에게 방해되는 짓을 하는 게이머를 총칭하는 말. 외래어까지는 아니나 게임의 주계층인 10-30대 남성사이에서는 상당히 자리잡았다.,1
틀딱충 틀니나 딱딱거리며 헛소리 한다는 의미의 틀니딱딱충의 준말. 일반적인 노인보다는 개념없고 몰지각하며 권위주의적이고 수구/극우적인 노인을 비하, 조롱하는 욕설. 줄여서 틀딱이라고도 부른다. 틀딱충, 꼰대보다 비하의 의미가 더욱 강하다.,1
튀기 혼혈을 비하하는 말.,1
파쇼 북한에서는 굉장히 심한 욕. 파시스트라는 뜻으로 일반적으로 사회주의권 국가에서 서방국가 및 제국주의자, 전체주의자를 비난하는데 쓰인다. 나치 독일을 문화어로는 ‘파쑈 도이췰란드’, 무솔리니 집권기 이탈리아 왕국은 ‘파쑈 이딸리아’라 부른다. 미제, 쪽바리, 괴뢰 등과 함께 북한이 미국이나 일본, 대한민국을 욕할 때에도 파쇼라고 하기도 한다.,1
폐인 쓰는 이유는 장애인과 마찬가지로 폐인같이 구는 사람을 비하하기 위한 용도다.,1
폐녀자,1
피싸개,1
한남, 한남충/한녀, 한녀충,1
허접 실력이 매우 떨어지는 자를 일컫는 말. 다만 2010년대 중장년층에게는 '허접하다'란 말은 비속어가 아니다.,1
허접쓰레기 또는 허섭스레기 변변치 못한 것을 이르는 말. 원래는 후자가 표준어였으나 이후 전자 역시 표준어로 등재되었다.,1
호구,1
호로(자식), 후레자식, 호쌍새,1
호모,1
홍어 전라도 비하발언,1
화냥년 환향년. 사랑 손님과 어머니로 인해 유명한 말.,1
후장,1
후빨 "후장을 빨다" 의 준말. 노골적으로 아부하는 것을 경멸하는 단어.,1
흑돼지 제주도 비하발언,1
10새끼,1
10쎄끼,1
10알,1
10창,1
10탱,1
10탱아,1
10팔,1
10팔년,1
10팔놈,1
10팔연,1
10할년,1
10할연,1
18넘,1
18년,1
18놈,1
18눔,1
18늠,1
18세끼,1
18쉑끼,1
18쎄리,1
18쒜리,1
18쒝끼,1
18씨끼,1
2c8,1
2c팔,1
갈보,1
강간,1
개넘,1
개년,1
개놈,1
개뇬,1
개눔,1
개늠,1
개때꺄,1
개때끼,1
개또라이,1
개똥,1
개보지,1
개부랄,1
개부럴,1
개불알,1
개새,1
개새꺄,1
개새끼,1
개새리,1
개새야,1
개색,1
개색기,1
개색꺄,1
개색끼,1
개색히,1
개샥,1
개세,1
개세끼,1
개세이,1
개섹,1
개섺,1
개셃,1
개셋키,1
개셐,1
개소리,1
개쇄끼,1
개쇅,1
개쇅갸,1
개쇅기,1
개쇅꺄,1
개쇅끼,1
개쇅캬,1
개쇅키,1
개쇗,1
개쇗기,1
개쇠리,1
개쉐,1
개쉐끼,1
개쉐리,1
개쉐이,1
개쉑,1
개쉑갸,1
개쉑기,1
개쉑꺄,1
개쉑끼,1
개쉑이,1
개쉑캬,1
개쉑키,1
개쉑히,1
개쉢,1
개쉨,1
개쉬끼,1
개싀끼,1
개싘,1
개시퀴,1
개시키,1
개십팔,1
개싯끼,1
개싯키,1
개싴,1
개쌍넘,1
개쌍년,1
개쌍놈,1
개쌔,1
개쌔꺄,1
개쌔끼,1
개쌕,1
개쌕끼,1
개썅넘,1
개썅년,1
개썅놈,1
개썅늠,1
개썅연,1
개쎅,1
개쐐리,1
개쒜,1
개쒜끼,1
개쒜리,1
개쒝,1
개쒝갸,1
개쒝기,1
개쒝꺄,1
개쒝끼,1
개쒝키,1
개쒯,1
개쒸,1
개쒹기,1
개씌끼,1
개씨끼,1
개씨발,1
개씨팕,1
개씹,1
개씹창,1
개씹팔,1
개자슥,1
개자싁,1
개자식,1
개자지,1
개젓,1
개젖,1
개졋,1
개졎,1
개조또,1
개조옷,1
개족,1
개좆,1
개지랄,1
개후레,1
개후장,1
거시기,1
겁탈,1
게넘,1
게년,1
게놈,1
게뇬,1
게뇽,1
게눔,1
게새끼,1
게새리,1
게색,1
게색기,1
게색끼,1
게세,1
게세꺄,1
게세끼,1
게섹,1
게쉐,1
게쉐이,1
게시끼,1
게시퀴,1
고환,1
공짜버그,1
공짜캐쉬,1
그룹섹스,1
그지새끼,1
그지좃밥,1
그지좃빱,1
그지좆밥,1
근친,1
근친상간,1
기엉아,1
기형아,1
꼴려,1
꼴리는,1
꼴리다,1
난교,1
넣게벌려,1
넣고싸고,1
네에미,1
년놈,1
니미랄,1
니미럴,1
니미롤,1
니미를,1
니보지,1
니애미,1
니애비,1
니어미,1
니에미,1
니에비,1
니좆,1
대딸,1
딸딸이,1
떡치기,1
떡칠녀,1
룸섹스,1
마스터베이션,1
매춘,1
매춘부,1
몸안에사정,1
몸캠,1
몸켐,1
몸파는,1
뮈칀세끼,1
뮈칀세리,1
뮈칀섹끼,1
뮈친,1
뮈친세리,1
뮈친섹끼,1
뮈친섹이,1
미췬,1
미췬년,1
미췬세끼,1
미췬쉐리,1
미친,1
미친넘,1
미친년,1
미친놈,1
미친뇬,1
미친새끼,1
미친세리,1
미친섹이,1
미친자식,1
미튄,1
미틘,1
미틩,1
미틴,1
미틴뇬,1
밑구녕,1
밑구녕빨기,1
박고싶다,1
박고싶퍼,1
박아줄게,1
박아줄께,1
박을께,1
박을년,1
뱅쉰,1
뱅싄,1
뱅신,1
뱡신,1
버즤,1
버지,1
버지물,1
버짓물,1
번섹,1
번쌕,1
번쎅,1
벙어리,1
벼엉신,1
변섹,1
변태,1
변퇴,1
병쉰,1
병싀,1
병싄,1
병신,1
병씬,1
보오지,1
보쥐,1
보즤,1
보지,1
보지걸,1
보지구녕,1
보지구멍,1
보지나라,1
보지당,1
보지물,1
보지보지,1
보지털,1
보짓년,1
보짓물,1
보짖물,1
보G,1
봉알,1
뵤즤,1
뵤지,1
뵨태,1
뵹딱,1
뵹싄,1
뵹신,1
부랄,1
부부섹스,1
부카케,1
불륜,1
불알,1
붕딱,1
붕딲,1
붕뛴,1
붕싄,1
붕시나,1
붕신,1
붕알,1
붜지,1
붱신,1
뷍슨,1
뷍싄,1
뷍신,1
뷩쉬,1
뷩쉰,1
뷩싄,1
뷩신,1
뷰웅신,1
븅딱,1
븅쉰,1
븅싄,1
븅시,1
븅신,1
븅아,1
브랄,1
블알,1
븡딱,1
븡쉰,1
븡신,1
븽딱,1
븽쉬,1
븽슨,1
븽싄,1
븽시,1
븽신,1
비잉신,1
빙딱,1
빙쉬,1
빙쉰,1
빙싀,1
빙싄,1
빙시,1
빙신,1
빠걸,1
빠구리,1
빠굴,1
빠굴이,1
빠꾸리,1
빠도리,1
빠돌이,1
빠라,1
빠라조,1
빠라줘,1
빠러,1
빠수니,1
빠순이,1
빠큐,1
빡돌,1
빡촌,1
빡큐,1
빨어핥어박어,1
빨자좃,1
빨자좆,1
빽보지,1
빽자지,1
뺑신,1
뺑쒼,1
뺑씬,1
뺘큐,1
뻐어큐,1
뻐큐,1
뻐킹,1
뼝신,1
뽀개,1
뽀로노,1
뽀르나,1
뽀르너,1
뽀르노,1
뽀쥐,1
뽀지,1
뽀쮜,1
뽕알,1
뿅신,1
뿅씬,1
뿡알,1
쁑신,1
삐꾸,1
삥쉰,1
삥쒼,1
삥씬,1
사까시,1
사까치,1
사이버섹스,1
사창가,1
사카시,1
사카치,1
삽쥘,1
삿가시,1
삿까시,1
삿깟시,1
상년,1
상노무,1
상놈,1
새꺄,1
새뀌,1
새끠,1
새끼,1
새뤼,1
새에끼,1
새키,1
새X,1
색갸,1
색걸,1
색골,1
색광,1
색기,1
색꺄,1
색끼,1
색남,1
색녀,1
색마,1
색스,1
색쑤,1
색쓰,1
색캬,1
색키,1
색할,1
색햐,1
색히,1
샊꺄,1
샤불년,1
샤앙년,1
샵년,1
샹넘,1
샹년,1
샹놈,1
샹늠,1
성관계,1
성교,1
성매매,1
성섹스,1
성욕구,1
성인용품,1
성체위,1
성체험,1
성추행,1
성충동,1
성폭력,1
성폭행,1
성행위,1
세게빨아,1
세꺄,1
세뀌,1
세끠,1
세끼,1
세액스,1
세에끼,1
세에쓰,1
세엑,1
세퀴,1
세키,1
섹남,1
섹녀,1
섹마,1
섹보지,1
섹수,1
섹쉬,1
섹슈,1
섹스,1
섹시,1
섹파트너,1
섹하자,1
섹하장,1
섹할,1
섹해,1
섹히,1
섹s,1
수간,1
수음,1
쉑수,1
쉑스,1
쉑쑤,1
쉑쓰,1
쉑캬,1
스와핑,1
스트립쇼,1
스트립쑈,1
스펄,1
십8,1
십넘,1
십녀,1
십놈,1
십때꺄,1
십때끼,1
십떼끼,1
십밸,1
십새,1
십새꺄,1
십새끼,1
십새캬,1
십새키,1
십색,1
십색꺄,1
십색끼,1
십색히,1
십세,1
십세끼,1
십쇄리,1
십쉐,1
십쉐리,1
십쉐이,1
십쉑,1
십쉑히,1
십시끼,1
십쌔,1
십쌔꺄,1
십쎄끼,1
십씨키,1
십알,1
십질,1
십창,1
십탱,1
십탱구리,1
십팔,1
십팔년,1
십팔련,1
십팔연,1
십할,1
십할련,1
싯끼,1
싯빨,1
싯팔,1
싲팔,1
싴팔,1
싵팔,1
싶알,1
싶팔,1
싸발년,1
싸앙넘,1
싸앙녀,1
싸앙년,1
싸줄께,1
싹년,1
쌉년,1
쌍넌,1
쌍넘,1
쌍년,1
쌍념,1
쌍노무,1
쌍놈,1
쌍놈아,1
쌍뇨나,1
쌍뇬,1
쌍뇸,1
쌍뇽,1
쌍뉸,1
쌍연,1
쌔꺄,1
쌔끼,1
쌔리,1
쌔캬,1
쌔키,1
쌕,1
쌕갸,1
쌕걸,1
쌕꺄,1
쌕수,1
쌕스,1
쌕쑤,1
쌕쓰,1
쌩보지,1
쌩포르노,1
쌰앙넘,1
쌰앙녀,1
쌰앙년,1
쌰앙눔,1
쌰앙뉸,1
썁색,1
썅,1
썅넌,1
썅넘,1
썅녀,1
썅년,1
썅놈,1
썅뇬,1
썅연,1
썩을년,1
쎅스,1
쓰글넘,1
쓰글년,1
쓰글놈,1
쓰글늠,1
쓰발,1
쓰발넘,1
쓰벌,1
쓰불,1
쓰뷀,1
쓰블,1
씨댕,1
씨댕년,1
씨뎅,1
씨바,1
씨바라,1
씨박,1
씨발,1
씨발넘,1
씨발년,1
씨발놈,1
씨발놈아,1
씨방새,1
씨방세,1
씨뱔,1
씨벌,1
씨벌년,1
씨벧,1
씨벨년,1
씨벵,1
씨봉,1
씨봉알,1
씨부랄,1
씨부럴,1
씨불,1
씨불년,1
씨불얼,1
씨붕,1
씨뷀,1
씨브,1
씨브랄,1
씨브럴,1
씨블,1
씨블년,1
씨앙년,1
씨양년,1
씨이바,1
씨이발,1
씨이방,1
씨이밸,1
씨이벌,1
씨이빨,1
씨이팔,1
씨입년,1
씨입뇬,1
씨파,1
씨팍,1
씨팏,1
씨팔,1
씨팔년,1
씨펄,1
씹,1
씹8,1
씹넘,1
씹년,1
씹놈,1
씹뇬,1
씹딱꿍,1
씹때꺄,1
씹때끼,1
씹떼,1
씹떼끼,1
씹물,1
씹밸,1
씹벌,1
씹보지,1
씹보지년,1
씹블,1
씹빡,1
씹빨,1
씹뻘,1
씹새,1
씹새꺄,1
씹새끼,1
씹새캬,1
씹새키,1
씹색꺄,1
씹색끼,1
씹색히,1
씹샛길,1
씹생알,1
씹세,1
씹세끼,1
씹세이,1
씹쉐,1
씹쉐리,1
씹쉐이,1
씹쉑,1
씹쉑히,1
씹쌔,1
씹쌔기,1
씹쌔꺄,1
씹쌔끼,1
씹쌔키,1
씹쎄,1
씹쎄끼,1
씹쒜,1
씹씨키,1
씹알,1
씹연,1
씹질,1
씹창,1
씹탱,1
씹탱구리,1
씹팔,1
씹팔년,1
씹팔련,1
씹팔연,1
씹펄,1
씹풀,1
씹할,1
씹할련,1
씹할연,1
씻끼,1
씻발,1
씻벌,1
씻뻘,1
씻퐁,1
씾팔,1
앂년,1
앂팔,1
아이템매니아,1
아이템메니아,1
아이템베이,1
안에사정,1
알몸,1
알몸공개,1
알몸사진,1
알몸쇼,1
애액,1
앰병,1
앰창,1
야녀,1
야동,1
야설,1
엄창,1
에믜,1
에미,1
여자보지,1
염병,1
염병할,1
엿먹,1
엿먹어,1
옘병,1
오나니,1
오랄,1
오럴,1
오럴섹스,1
오르가즘,1
옹녀,1
왕보지,1
왕자지,1
우라질,1
원조교재,1
원조교제,1
원조알바,1
월경,1
유두,1
유방,1
육봉,1
육시랄,1
육시럴,1
윤간,1
윤락,1
음경,1
음담패설,1
음란,1
음순,1
음액,1
음욕,1
입사후장,1
입안사정,1
자위,1
자위기구,1
자위남,1
자위녀,1
자지,1
잡년,1
잡놈,1
잡뇬,1
젓가튼,1
젓같은,1
젓까,1
젓까는,1
젓나,1
젓나게,1
젓마난,1
젓만한,1
젓밥,1
젓빠지게,1
정박아,1
정자,1
젖,1
젖가튼,1
젖같은,1
젖까,1
젖까는,1
젖꼭지,1
젖나게,1
젖도,1
젖마난,1
젖만한,1
젖물,1
젖밥,1
젖빠지게,1
젖탱이,1
젖통,1
조가틍,1
조까,1
조까는,1
조까라,1
조까튼,1
조낸,1
조또,1
조루,1
조빠라,1
조빠지게,1
조빱,1
조옷나,1
조질래,1
조카툰,1
조털,1
족가튼,1
좀물,1
좃,1
좃가튼,1
좃같은,1
좃까,1
좃까는,1
좃까라,1
좃나,1
좃나게,1
좃도,1
좃물,1
좃밥,1
좃빠지게,1
좄까,1
좆,1
좆,1
좆구녕,1
좆까,1
좆까는,1
좆나,1
좆대가리,1
좆도,1
좆물,1
좆밥,1
좇,1
좇까,1
죳,1
죶,1
죶가튼,1
죶빠지게,1
지랄,1
짬지,1
찌찌,1
창남,1
창녀,1
창녀촌,1
창년,1
창뇨,1
창뇬,1
챵녀,1
챵년,1
챵뇬,1
처녀막,1
최음제,1
카섹,1
카섹스,1
캐세끼,1
캐쉬버그,1
캐시버그,1
큰보지,1
큰자지,1
페니스,1
포르노,1
포르노사진,1
포르노섹스,1
폰색,1
폰세엑,1
폰섹,1
폰섹스,1
폰쉑,1
폰쌕,1
폰쎅,1
프리섹스,1
플레이보지,1
한번꽂자,1
한번주께,1
한번줄래,1
핥아주께,1
핧아줄께,1
함대주까,1
함대줄래,1
함빨자,1
항문,1
허벌,1
허벌창,1
호로년,1
호로새끼,1
호로새리,1
호로색,1
호로색끼,1
호로자슥,1
호로자식,1
호모섹기,1
호모쎄끼,1
호빠,1
호스트바,1
호스트빠,1
혼음,1
화냥,1
화냥년,1
화류,1
화양년,1
후레자식,1
후장,1
후장입사,1
ac발,1
x대가리,1
개같은년,1
개좆같은년,1
강아지같은사람아,1